filename,url,description
aw-man.gif                     ,https://media1.tenor.com/images/8457e7daec8806b165658c9b18287a15/tenor.gif,the blitz in mclarens pub
awesome-yes.gif                ,https://media.giphy.com/media/3ohzdIuqJoo8QdKlnW/giphy.gif,will ferrel punching cereal
Cone-of-Shame.gif              ,https://media3.giphy.com/media/ysh3Vdn9DcuGI/giphy.gif,
death-is-coming.gif            ,https://media1.tenor.com/images/78664f56f7d187ad2d0dd9f99b8b6b02/tenor.gif,phil from modern family is hungover
dont-even-care.gif             ,https://i1.wp.com/gifrific.com/wp-content/uploads/2012/07/Ron-Swanson-Says-Dont-Even-Care.gif,ron swanson is love
everything-hurts.gif           ,https://media.giphy.com/media/15ddqrBmBRwsg/giphy.gif,poor leslie knope
facepalm-michael-scott.gif     ,https://media.giphy.com/media/XD4qHZpkyUFfq/giphy.gif,
fix-it-fry.gif                 ,https://i.imgur.com/UE5bd27.gif,
fixed-it.gif                   ,https://media.giphy.com/media/ID4NXWnwuLnLq/giphy.gif,snl hilary emails
homer_cereal_fail.gif          ,https://media.giphy.com/media/DtXfTSHi6mHFS/giphy.gif,
i'm-dying.gif                  ,https://media1.tenor.com/images/0d3231e80229577f6d4f12f0d652e563/tenor.gif,ferris bueller when cameron was in egypts land
i-just-threw-up-in-my-mouth.gif,https://media.giphy.com/media/3ohzdEo7j242UsNTe8/giphy.gif,
im-not-a-rapper-gif-3.gif      ,https://i.imgur.com/nXPruDN.gif,
im-so-freakin-excited.gif      ,http://www.reactiongifs.com/r/2013/08/excited1.gif,
jim-halpert-jazz-hands.gif     ,https://media1.tenor.com/images/d283f313c3c0d0d40afce76ebcd4f808/tenor.gif,
me-gusta.gif                   ,https://media.tenor.com/images/1a7980f897a1b00302ec5958dcaad736/tenor.gif,ron swanson es amor
mother-of-god.gif              ,http://www.reactiongifs.com/r/mog1.gif,jurassic park
never.gif                      ,https://media.giphy.com/media/8VLgtJqaxIlhu/giphy.gif,harry potter
nope-topus.gif                 ,http://www.reactiongifs.com/r/2013/02/nope.gif,
obama-mic-drop.gif             ,https://media.giphy.com/media/3o7qDSOvfaCO9b3MlO/giphy.gif,
oh-my.gif                      ,https://media.giphy.com/media/H7iEm8CKI9ZAs/giphy.gif,george takei mr sulu is taken aback
shame-shame-shame.gif          ,https://media.giphy.com/media/Ob7p7lDT99cd2/giphy.gif,game of thrones walk of shame bell grey nun
sleepy-kitten.gif              ,http://www.cutecatgifs.com/wp-content/uploads/2014/08/slpy.gif,sleepy kitten nods off kitteh almost falls over stumbles
so-lonely.gif                  ,https://media1.tenor.com/images/16fed07688a6c4d8ea63ab7247cb929c/tenor.gif,crying man in suit
so-so-dope.gif                 ,https://media0.giphy.com/media/l3V0B3quDRhab5B5K/giphy.gif,chris pratt describes how his life is while on the red carpet
spicy.gif                      ,http://www.reactiongifs.com/r/2013/09/spicy.gif,snl stefon tells us new yorks hottest club
thats-some-bullshit.gif        ,https://media.tenor.com/images/e17acf7214a2c6db30ed751b258e0b5c/tenor.gif,sassy black man in a furry hat tells it like it is
this-is-fine.gif               ,https://i.imgur.com/npKt6xa.gif,yellow dog drinks coffee in an on fire kitchen
turn-it-off-and-on-again.gif   ,https://media.giphy.com/media/F7yLXA5fJ5sLC/giphy.gif,have you tried it
very-nice-borat.gif            ,https://media1.tenor.com/images/5198aac8f04c105379617199e0b9665b/tenor.gif,borat
what-the-what.gif              ,https://media1.tenor.com/images/f1bf5bcbb52b0201941477cd66a3acca/tenor.gif,tina fey liz lemon is incredulous
winona-math.gif                ,https://media.giphy.com/media/26xBI73gWquCBBCDe/giphy.gif,
woo-hoo-dance.gif              ,https://m.popkey.co/e2f930/edOdo.gif,happy dance in living room
you-did-it-elf.gif             ,https://media1.tenor.com/images/a81c1a0802ff33f8e4b781a833d4b8b1/tenor.gif,will ferrel buddy the elf worlds greatest cup of crappy coffee congratulations
you-got-it-dude.gif            ,https://media.giphy.com/media/l41lZxzroU33typuU/giphy.gif,
you-in-danger-gril.gif         ,https://media1.giphy.com/media/oesbpxx2cl7lS/giphy.gif,
yuge.gif                       ,https://media1.tenor.com/images/4d88ca458dd87a78979baff245791a8e/tenor.gif,
